{
  "timestamp": "2026-02-28T21:30:30.561482",
  "calibration_method": "isotonic",
  "base_model_brier_score": 0.137946,
  "calibrated_model_brier_score": 0.141766,
  "brier_score_improvement": -0.00382,
  "base_model_calibration_error": 0.068619,
  "calibrated_model_calibration_error": 0.068731,
  "calibration_error_improvement": -0.000112,
  "calibration_curve_data": {
    "probability_bins": [
      0.06201550387596899,
      0.20224719101123595,
      0.3,
      0.38095238095238093,
      0.38333333333333336,
      0.4264705882352941,
      0.5535714285714286,
      0.6956521739130435,
      0.8,
      0.7951807228915663
    ],
    "base_model_predicted": [
      0.03933306055417612,
      0.14818289053037545,
      0.2431053907504405,
      0.34658987039660194,
      0.44924619306105645,
      0.5487263331103234,
      0.6480878544607127,
      0.7502433369262138,
      0.8541401861074139,
      0.921953901116951
    ],
    "calibrated_model_predicted": [
      0.030978482159720495,
      0.15527333968159568,
      0.23512351585269134,
      0.34036580843225855,
      0.448208624530304,
      0.5401010604580868,
      0.6466904190371577,
      0.7522499451088226,
      0.8085106382978722,
      0.9622846644847696
    ]
  },
  "calibrated_model_path": "artifacts/model/churn_model_calibrated.pkl"
}